Id,categorias_personajes_1_id,categorias_personajes_1,categorias_personajes_2_id,categorias_personajes_2,categorias_personajes_3_id,categorias_personajes_3,autores_id,Autores,escenario_2_id,Escenario,tecnica_id,Tecnica,fuente_imagen_1_id,Fuente_imagen,donante_1_id,Donante,Ciudades_origen_id,Ciudad_Origen,Ciudades_actual_id,Ciudad_Actual,Paises_origen_id,Pais_Origen,Paises_actual_id,Pais_Actual,ubicacion_id,Ubicacion,categoria_1_id,Categoria_1,categoria_2_id,Categoria_2,categoria_3_id,Categoria_3,categoria_4_id,Categoria_4,categoria_5_id,Categoria_5,categoria_6_id,Categoria_6,título,fechas_actividad,Sintesis,Anotacion_Comentario_bibliográfico,Iconotexto,Relato_visual_id,Relato_visual_lista,Tipo_gestual_id,Tipo_gestual_lista,Objetos_gestos_id,Objetos_gestos_lista,Complejo_gestual_id,Complejo_gestual_lista,Gesto_1_id,Gesto_1,Gesto_2_id,Gesto_2,Gesto_3_id,Gesto_3,Fisiognómica_id,Fisiognómica_lista,Fisiognomica_imagen_id,Fisiognomica_imagen_lista,Cartela_filacteria_2_id,Cartela_filacteria_2_lista,Rostro_id,Rostro_lista,Anotación_gestual
2,161,Desposorios de la Virgen,,,,,53, Anónimo,16,Terrestre / interior templo,16,Óleo sobre tela,71,"Luis Mebold K. S.D.B. Catálogo de pintura colonial en Chile. Obras en monasterios de religiosas de Antigua fundación. Santiago: ediciones Universidad católica de Chile, 1987.",6,Sin donante,131,Santiago (Cl),131,Santiago (Cl),22,Chile,22,Chile,344,Convento santa Clara ,9,Mariología,61,Vida de la Virgen,215,Desposorios,,,,,,,Desposorios de la Virgen y san José,1600-1699,Formato vertical. Blanco y negro. Desposorio de la Virgen y San José. En el centro Sacerdote Abiathar (?) -sombrero de medialuna- pone su mano izquierda sobre las manos derechas de María (a la derecha del sacerdote) y José (a la izquierda del sacerdote).,,,7,Vida,2,Gesto-objeto (DI),67,Flores,1,Simple,60,"Dar mano: amistad, saludo, benevolencia",255,No,255,No,1,De pie,3,Cuerpo entero,5,Ninguna,1,Rostro 3/4,"X desposorios. El modelo es el mismo y tiene dos grandes variantes. La primera y más frecuente es sacerdote en la mitas de virgen y jose y se toman la mano. El segundo el el sacerdote a la izquierda y ellos al frente de él en diversas posiciones, no hay más. camban los escenaruios, unos más recargados que otros, pero en general es lo mismo. En cuanto a gestos es casi los mismo agarrados y aveces sueltos. hay que atender a los gestos del sacerdote que cuando ellos no se toman la mano el los agarra y los recomoenda, josé y la virgen. san jose tiene por lo general la flor de su castidad. Estos gestos manifiestan momentos distintos de la promesa matrimonial. a veces jose le pone anllo o sacverdote se lo da a la virge. diferentes formas de agarrarse la mano. el sacerdote o bedice de tres dedos o karte, o les agarra las manos a los dos.. aqui simplificado.  no atendi gestos de los invitados, aunque casi siempre son pocos."
3,162,"Virgen, Nacimiento de la ",,,,,53, Anónimo,15,Terrestre / interior casa-habitación,16,Óleo sobre tela,71,"Luis Mebold K. S.D.B. Catálogo de pintura colonial en Chile. Obras en monasterios de religiosas de Antigua fundación. Santiago: ediciones Universidad católica de Chile, 1987.",6,Sin donante,131,Santiago (Cl),131,Santiago (Cl),22,Chile,22,Chile,344,Convento santa Clara ,9,Mariología,61,Vida de la Virgen,211,Nacimiento de la Virgen,,,,,,,Natividad de la Virgen María,1600-1699,Formato vertical. En el centro está la Santa Ana postrada sobre una cama y a su lado izquierdo está San Joaquín sentado en una silla. En la parte inferior dos mujeres y tres ángeles cubren a la Virgen recién nacida. Al pies de la cama hay tres mujeres ayu,,,7,Vida,3,Gesto,1,No,1,Simple,255,No,36,Palma arriba extendida: no posee nada,255,No,1,De pie,3,Cuerpo entero,5,Ninguna,1,Rostro 3/4,"X natividad de la virgen, estas ligeras. Se trat de la misma imagensin cambios. Ana acostada, joaquin sentado al lado, la niña en baño.  Par de viejos. Situaciones variadas baño de la niña, se la llevan a la cama, la abraza, etc es conmo la historia de los partos y su cotidianidad. es buenisimo porque se trata de una secuencia ilimitada de situaciones de alcoba en las que se puede mirar la cotidianidad, en algunas hay iamgen con cocina que parece un poco criptica, hay baño timnaja, a veces josuin tiene a la niña, etc.  la niña casi siempre esta acostadita y de pie si la bañaña por lo general. solo hay inscricionbes en las que sion series como es usual en estas series de la vida de la virge, Joaquin esta marginal y pocas veces toma a la niño. averiguar histotrias detras de esto. gestos virgen no, pero si el entono, marco solo algunosm gestos de la habitación."
4,132,Inmaculada,,,,,53, Anónimo,17,Terrestre / cortinaje,16,Óleo sobre tela,71,"Luis Mebold K. S.D.B. Catálogo de pintura colonial en Chile. Obras en monasterios de religiosas de Antigua fundación. Santiago: ediciones Universidad católica de Chile, 1987.",6,Sin donante,131,Santiago (Cl),131,Santiago (Cl),22,Chile,22,Chile,344,Convento santa Clara ,9,Mariología,60,Advocaciones,106,Inmaculada,562,Virgen Inmaculada,814,Inmaculada con Santos,,,Inmaculada carmelita con san Francisco y santa Clara,1600-1699,Formato vertical. En el centro está la Vrigen María coronada con una aureola de querubines y parada sobre pequeños putti. En la parte inferior están San Francisco y Santa Clara.,,,2,Devoción,3,Gesto,1,No,1,Simple,4,Oro: pedir misericordia,169,Compuesto: mano al pecho - mano abierta,255,No,1,De pie,3,Cuerpo entero,5,Ninguna,1,Rostro 3/4,"x Virgen inmaculada con santos diversas posiciones generalmente en las tipicas de inmaculada. Interesante aparece varios libros con texto que son defensas de franciscanos. Otras tota pulchra. Hay virgenes on niño alzado, otras son impeceptible el cambio de gesto a01 y a02, es casi indistinto su elección. Muchas tienencorte de santos muchos, ojo porque s un catalogo interesante de gestos.  Catalogo gestos de santos en conjunto revelan santidad sumision o lo que los caracteriza. relcionar gestos con virtudes. OJOTE esto es, gestos con vifrtudes...."
5,42,Última cena,,,,,53, Anónimo,15,Terrestre / interior casa-habitación,16,Óleo sobre tela,71,"Luis Mebold K. S.D.B. Catálogo de pintura colonial en Chile. Obras en monasterios de religiosas de Antigua fundación. Santiago: ediciones Universidad católica de Chile, 1987.",6,Sin donante,131,Santiago (Cl),131,Santiago (Cl),22,Chile,22,Chile,344,Convento santa Clara ,4,Cristológico,53,Ciclo Pasión,185,Pasión,306,Última Cena,,,,,Última cena,1600-1699,"Formato horizontal. En el centro, sentado a la mesa está Jesús rodeado por los doce apóstoles en el momento que anuncia la traición.",,,7,Vida,3,Gesto,1,No,1,Simple,252,Dedos forma señalar,108,Mano extendida pecho: aseverar,255,No,3,Sentado,3,Cuerpo entero,5,Ninguna,3,Frente,"X ultima cena, bajo un mismo formato casi todas. Sentados a la mesa, cristo casi en el centro. Interesnte dos cosas: sienmpre tiene alimento pan y aveces hostia entre sus manos; y algunas veces tiene a juan el favorito en actitud muy cariñosa, se le restriega juan como perro  faldero. importante para ver el asunto de los gestso cariñosos . los apóstoles hacen gestos, y jesús tambien los suyos.  ojo gestualmente es muy interesante porque gestos adelantan diversos acontecimientos que alli suceden, como en una pelicula. se pueden revisar en detalle: pero por ejemplo hay ded acusador contra judas, hay pedro, beber, todos repiten, etc. ver en detalle lo que alli ocuurio queparece ser como remesdo de misa de sus época. muchas escenas vienen acompañadas de otras de la misma naturaleza de la pasion. Interesante analizar estas en conjunto de comunicación. ojo a lo que hacen las manos del aburrido de Juan el favorito, a veces las cruza, a veces las extinde...."
6,42,Última cena,,,,,53, Anónimo,15,Terrestre / interior casa-habitación,16,Óleo sobre tela,71,"Luis Mebold K. S.D.B. Catálogo de pintura colonial en Chile. Obras en monasterios de religiosas de Antigua fundación. Santiago: ediciones Universidad católica de Chile, 1987.",6,Sin donante,131,Santiago (Cl),131,Santiago (Cl),22,Chile,22,Chile,627,Convento dominicas de santa Rosa de Lima ,4,Cristológico,53,Ciclo Pasión,185,Pasión,306,Última Cena,,,,,Última cena,1600-1699,,,,7,Vida,2,Gesto-objeto (DI),4,Alimento / pan,1,Simple,255,No,4,Oro: pedir misericordia,255,No,3,Sentado,3,Cuerpo entero,5,Ninguna,3,Frente,
7,686,Clara de Asís,,,,,53, Anónimo,20,Terrestre / paisaje,16,Óleo sobre tela,71,"Luis Mebold K. S.D.B. Catálogo de pintura colonial en Chile. Obras en monasterios de religiosas de Antigua fundación. Santiago: ediciones Universidad católica de Chile, 1987.",6,Sin donante,131,Santiago (Cl),131,Santiago (Cl),22,Chile,22,Chile,344,Convento santa Clara ,6,Santos,59,Santas,667,Santas Fundadoras de órdenes,674,Clara de Asís,678,Clara atributos,,,Santa Clara de Asís,1600-1699,,,"""Regla R Nar de Sant Clara""",2,Devoción,2,Gesto-objeto (DI),51,Custodia,4,Sin relato gesto,255,No,255,No,255,No,1,De pie,3,Cuerpo entero,4,Escritura en Libro,1,Rostro 3/4,"x Santa ines, tiene muchas series de su vida, sin eso, son imágenes simples, sin mayor gestualidad siempre con el atributo custodia. Va muy en la linea de los otros santos"
8,434,Virgen de la Piedad,,,,,53, Anónimo,8,Celeste / terrestre,16,Óleo sobre tela,71,"Luis Mebold K. S.D.B. Catálogo de pintura colonial en Chile. Obras en monasterios de religiosas de Antigua fundación. Santiago: ediciones Universidad católica de Chile, 1987.",6,Sin donante,131,Santiago (Cl),131,Santiago (Cl),22,Chile,22,Chile,344,Convento santa Clara ,9,Mariología,60,Advocaciones,122,Piedad,,,,,,,Virgen de la Piedad,1600-1699,,,,2,Devoción,2,Gesto-objeto (DI),141,Tela / Sudario,1,Simple,29,"Extender brazo al auxilio: piedad, dar alivio",10,"Brazo abatidos: desesperación, sin valor",255,No,3,Sentado,3,Cuerpo entero,5,Ninguna,3,Frente,"X piedad virgen con cristo muerto. Casi siempre sentada, con el caido, gestos diferentes en la cara. A veces esta sola o con los del calvario. Las posiciones del cristo son distintas. A veces tiene inetermediario una sabana. Varios tipos de gestos los de la virgen se reducen a tres o cuatro hay que llamar la atencion sobre la mano levantada que puede significar varias cosas, desde animar hasta exhortar y obedecer, aqui puse A19. Algunas de estas pinturas son piedades, otras tienen formatos distintos complejas por la cantidad de gestos ahi metidos. algunas veces no lo sostiene solo lo carga. son gesto esta desgonzado. Los que estan al lado lo loran o hacen gesto de dolor. En orden se marca la virgen, cristo y un presente. El gesto recurrente es sostenerle el brazo o la mano. Se considera gesto de sostenerlo o tocarlo el brazo como A26"
9,686,Clara de Asís,,,,,53, Anónimo,19,Sin definir - claroscuro,16,Óleo sobre tela,71,"Luis Mebold K. S.D.B. Catálogo de pintura colonial en Chile. Obras en monasterios de religiosas de Antigua fundación. Santiago: ediciones Universidad católica de Chile, 1987.",10,Donante posiblemente presente,131,Santiago (Cl),131,Santiago (Cl),22,Chile,22,Chile,344,Convento santa Clara ,6,Santos,59,Santas,667,Santas Fundadoras de órdenes,674,Clara de Asís,678,Clara atributos,,,Santa Clara de Asís fundadora,1600-1699,,,,2,Devoción,2,Gesto-objeto (DI),51,Custodia,1,Simple,134,Brazos extendidos: desecadenar asunto por antítesis,4,Oro: pedir misericordia,255,No,1,De pie,3,Cuerpo entero,5,Ninguna,1,Rostro 3/4,
10,445,Visión del niño de san Antonio,584,"Antonio de Padua, san",,,53, Anónimo,15,Terrestre / interior casa-habitación,16,Óleo sobre tela,71,"Luis Mebold K. S.D.B. Catálogo de pintura colonial en Chile. Obras en monasterios de religiosas de Antigua fundación. Santiago: ediciones Universidad católica de Chile, 1987.",6,Sin donante,131,Santiago (Cl),131,Santiago (Cl),22,Chile,22,Chile,344,Convento santa Clara ,6,Santos,381,Santos Masculinos,735,Santos de órdenes y tradiciones,774,Santos Franciscanos,775,Antonio de Padua,601,Antonio y niño,San Antonio con el Niño,1600-1699,,,,8,Visión,3,Gesto,1,No,1,Simple,63,Abrazar: tenerlo en corazón,221,Acariciar rostro: afecto,255,No,12,De pie Alzando,3,Cuerpo entero,5,Ninguna,1,Rostro 3/4,"x Antonio de padua. Compleja imagen con muchos tipos de historia, donde hay que distingir de acuerdo a posición cuando es devocion y cuando es visión. Por lo general esta el con el niño. La segunda gestualidad corresponde al niño que siempre o bendice o tiene una relacion afectuosoa, abrazo, caricias, Los gestos de santo cambian mucho. Sostiene a veces al niño sobre un libro, poor lo general no lo toca. Brazos cruzdos está relacionado con estar arrodillad. Perfil es freecuente en las visiones. Ojo a la gestualidad de las visiones. Pocas cartelas, a menos que sean series"
11,686,Clara de Asís,,,,,53, Anónimo,8,Celeste / terrestre,16,Óleo sobre tela,71,"Luis Mebold K. S.D.B. Catálogo de pintura colonial en Chile. Obras en monasterios de religiosas de Antigua fundación. Santiago: ediciones Universidad católica de Chile, 1987.",6,Sin donante,131,Santiago (Cl),131,Santiago (Cl),22,Chile,22,Chile,344,Convento santa Clara ,6,Santos,59,Santas,667,Santas Fundadoras de órdenes,674,Clara de Asís,678,Clara atributos,,,Santa Clara de Asís,1700-1799,,,,2,Devoción,2,Gesto-objeto (DI),51,Custodia,4,Sin relato gesto,255,No,255,No,255,No,1,De pie,3,Cuerpo entero,5,Ninguna,1,Rostro 3/4,
12,393,"Francisco de Asís, san",,,,,53, Anónimo,20,Terrestre / paisaje,16,Óleo sobre tela,71,"Luis Mebold K. S.D.B. Catálogo de pintura colonial en Chile. Obras en monasterios de religiosas de Antigua fundación. Santiago: ediciones Universidad católica de Chile, 1987.",6,Sin donante,131,Santiago (Cl),131,Santiago (Cl),22,Chile,22,Chile,344,Convento santa Clara ,6,Santos,381,Santos Masculinos,382,Fundadores,747,Francisco de Asís,752,Rostro y atributos de Francisco,,,San Francisco de Asís,1600-1699,,,,2,Devoción,4,Objeto,47,Cruz,4,Sin relato gesto,255,No,255,No,255,No,1,De pie,3,Cuerpo entero,5,Ninguna,1,Rostro 3/4,"X san francisco rostros y otras dificil selección no hay  patrones salvo algunas ocasiones. Es un de todo en situaciones espirituales. Clasifica por cuerpos y resulta que los medios son simples, con cristo, dolor, penitencia, simples. Los arrodillados de cuerpo entero suelen ser más complejos, con escenarios y mas elaborados no tienen objeto los que se arrodillan, sino mas gestualidad. Los postrados o echados suelen tener mas escenario simbólico y parecen más místico. importante que casi siempre hay calavera y disciplinas en algún lugar. importante para todo es que los objetos no solo son los que se tienen en la mano sino los que los rodean. Por lo general las de pie son simples, salvo algunas de situaciones. cruz y craneo van casi juntos, uno soporta lo otro muchas veces. de pie son simples, solo atributo. Muchas veces pisa el mundo epecial de pie. Este man es un catalogo de gestos, demuestra su riqueza un santo en los gestos"
13,445,Visión del niño de san Antonio,584,"Antonio de Padua, san",,,53, Anónimo,20,Terrestre / paisaje,16,Óleo sobre tela,71,"Luis Mebold K. S.D.B. Catálogo de pintura colonial en Chile. Obras en monasterios de religiosas de Antigua fundación. Santiago: ediciones Universidad católica de Chile, 1987.",6,Sin donante,131,Santiago (Cl),131,Santiago (Cl),22,Chile,22,Chile,344,Convento santa Clara ,6,Santos,381,Santos Masculinos,735,Santos de órdenes y tradiciones,774,Santos Franciscanos,775,Antonio de Padua,601,Antonio y niño,San Antonio de Padua,1700-1799,,,,2,Devoción,2,Gesto-objeto (DI),67,Flores,1,Simple,255,No,137,"Mano frente dos dedos estirados: pedir silencio dedos, victoria",255,No,12,De pie Alzando,3,Cuerpo entero,5,Ninguna,1,Rostro 3/4,D01 o N13 del niño Variacion Confusion entyre bendecir y pedir silencio…
14,434,Virgen de la Piedad,,,,,773,Melchor Pérez de Holguín,19,Sin definir - claroscuro,16,Óleo sobre tela,71,"Luis Mebold K. S.D.B. Catálogo de pintura colonial en Chile. Obras en monasterios de religiosas de Antigua fundación. Santiago: ediciones Universidad católica de Chile, 1987.",6,Sin donante,131,Santiago (Cl),131,Santiago (Cl),22,Chile,22,Chile,344,Convento santa Clara ,9,Mariología,60,Advocaciones,122,Piedad,,,,,,,Virgen de la Piedad,1715,,,,2,Devoción,2,Gesto-objeto (DI),141,Tela / Sudario,1,Simple,213,Mano al lado de frente:,10,"Brazo abatidos: desesperación, sin valor",76,"Dedo a la boca: silencio, ignorancia",3,Sentado,3,Cuerpo entero,5,Ninguna,3,Frente,
15,103,Calvario,,,,,53, Anónimo,12,Escenario simbólico,16,Óleo sobre tela,71,"Luis Mebold K. S.D.B. Catálogo de pintura colonial en Chile. Obras en monasterios de religiosas de Antigua fundación. Santiago: ediciones Universidad católica de Chile, 1987.",6,Sin donante,131,Santiago (Cl),131,Santiago (Cl),22,Chile,22,Chile,344,Convento santa Clara ,4,Cristológico,53,Ciclo Pasión,188,Viacrucis,327,Crucifixión,343,Calvario acompañado,,,Cristo de la pasión,1700-1799,,,,1,Alegoria/moral,1,No aplica,1,No,4,Sin relato gesto,255,No,255,No,255,No,1,De pie,3,Cuerpo entero,5,Ninguna,1,Rostro 3/4,interesante porue están los personajes relacionados con la pasion a su lado
16,108,Ecce Homo,,,,,53, Anónimo,1,Sin definir,16,Óleo sobre tela,71,"Luis Mebold K. S.D.B. Catálogo de pintura colonial en Chile. Obras en monasterios de religiosas de Antigua fundación. Santiago: ediciones Universidad católica de Chile, 1987.",6,Sin donante,131,Santiago (Cl),131,Santiago (Cl),22,Chile,22,Chile,344,Convento santa Clara ,4,Cristológico,53,Ciclo Pasión,185,Pasión,297,Ecce homo,804,Ecce homo de medio cuerpo,,,Ecce homo,1700-1799,"Composición vertical, imagen a color. Jesús tiene sobre la cabeza una corona de espinas, de su cabeza salen rayos dorados. Tiene una vestido con profusos bordados dorados. Las manos cruzadas a la altura del estomago. Alrededor del cuadro hay un marco pint",,,2,Devoción,3,Gesto,1,No,1,Simple,201,Manos atadas: sacrificio,255,No,255,No,1,De pie,4,Cuerpo Medio,5,Ninguna,1,Rostro 3/4,"x ecce homo medio cuerpo. Csi todos con la misma iconografia, pocos desatados de sus manos. Importante que entre mas dogma, menos palabras y menos gestos, estan más o menos unificados. También es importante ver que el gesto de frente se da más en trelación a la santidad de los sujetos. es mas frecuente en virgen o cristo. Dificil clasificar los rostros porque es mezcla entre 3/4 y frente estos son aproximados"
17,393,"Francisco de Asís, san",,,,,53, Anónimo,20,Terrestre / paisaje,16,Óleo sobre tela,71,"Luis Mebold K. S.D.B. Catálogo de pintura colonial en Chile. Obras en monasterios de religiosas de Antigua fundación. Santiago: ediciones Universidad católica de Chile, 1987.",6,Sin donante,131,Santiago (Cl),131,Santiago (Cl),22,Chile,22,Chile,344,Convento santa Clara ,6,Santos,381,Santos Masculinos,382,Fundadores,747,Francisco de Asís,753,Series franciscanas,,,Estigmatización de san Francisco,1600-1699,,,,7,Vida,3,Gesto,1,No,1,Simple,124,Manos extendidas palmas abierta lados: apertura,2,0 Múltiples gestos,255,No,5,Tendido,3,Cuerpo entero,5,Ninguna,1,Rostro 3/4,"X series francisco. Hay de toddo. Pero el problema no esta aquí esta en las repetidas de otros entornos de san francisco.  He tomado globalmente y no hago diferencia entre muchos gestos y rostros, aunque este es muy espresivo y se puede dar cuenta del sentido de muchos gestos. hay que revisar las repeticiones. aunque haya apariciones se ponen casi todos como vida prque ese es el sentido de la pintura. sw repiten y se repiten los m ismos gestos ver despacio. este conjunto es complejo, impoprtante verlo en detallepara analizar los gestos de un santo frente a situaciones. especialmenteb aquellos que si com'ven de gestos. . <hipótesos es que hayb un lenguaje natural que lo conocen todos los pintires, pero hay lenguaje mas eswopecializado y retórico que lo conocen más a profundidad algunos y así lo ejecutan, es decir hay niveles en la forma como se relaciona el discurso visual de los gestos."
18,393,"Francisco de Asís, san",,,,,53, Anónimo,20,Terrestre / paisaje,16,Óleo sobre tela,71,"Luis Mebold K. S.D.B. Catálogo de pintura colonial en Chile. Obras en monasterios de religiosas de Antigua fundación. Santiago: ediciones Universidad católica de Chile, 1987.",6,Sin donante,131,Santiago (Cl),131,Santiago (Cl),22,Chile,22,Chile,344,Convento santa Clara ,6,Santos,381,Santos Masculinos,382,Fundadores,747,Francisco de Asís,753,Series franciscanas,,,Estigmatización de san Francisco,1600-1699,,,,7,Vida,3,Gesto,1,No,1,Simple,124,Manos extendidas palmas abierta lados: apertura,2,0 Múltiples gestos,255,No,1,De pie,3,Cuerpo entero,5,Ninguna,1,Rostro 3/4,
19,686,Clara de Asís,,,,,53, Anónimo,17,Terrestre / cortinaje,16,Óleo sobre tela,71,"Luis Mebold K. S.D.B. Catálogo de pintura colonial en Chile. Obras en monasterios de religiosas de Antigua fundación. Santiago: ediciones Universidad católica de Chile, 1987.",6,Sin donante,131,Santiago (Cl),131,Santiago (Cl),22,Chile,22,Chile,344,Convento santa Clara ,6,Santos,59,Santas,667,Santas Fundadoras de órdenes,674,Clara de Asís,678,Clara atributos,,,Santa Clara de Asís,1700-1799,,,,2,Devoción,2,Gesto-objeto (DI),51,Custodia,4,Sin relato gesto,255,No,255,No,255,No,1,De pie,3,Cuerpo entero,5,Ninguna,1,Rostro 3/4,
20,570,"Judas Tadeo, san",86,Apóstoles,,,53, Anónimo,1,Sin definir,16,Óleo sobre tela,71,"Luis Mebold K. S.D.B. Catálogo de pintura colonial en Chile. Obras en monasterios de religiosas de Antigua fundación. Santiago: ediciones Universidad católica de Chile, 1987.",6,Sin donante,131,Santiago (Cl),131,Santiago (Cl),22,Chile,22,Chile,344,Convento santa Clara ,6,Santos,381,Santos Masculinos,383,Santos de Iglesia Primitiva,384,Apóstoles,707,Judas Tadeo,,,San Judas Tadeo,1700-1799,,,,2,Devoción,4,Objeto,98,Mazo,4,Sin relato gesto,255,No,255,No,255,No,1,De pie,4,Cuerpo Medio,5,Ninguna,1,Rostro 3/4,"x Judas tadeo multiplicidad de representaciones aparece con hacja, albarda o espada una vez, simbolo de cortar, fisicamente es diverso. Otras veces aparece con mazo, escuadra, apocas veces en el martitio. Generalmente lleva libro importante que hay una que estan mal nombradas y son coloniales. no hay casi gestos porque casi simepre tiene las dos manos ocupadas muchas veces toene hasta tres simbolos."
21,531,Virgen de la Merced,,,,,53, Anónimo,1,Sin definir,16,Óleo sobre tela,71,"Luis Mebold K. S.D.B. Catálogo de pintura colonial en Chile. Obras en monasterios de religiosas de Antigua fundación. Santiago: ediciones Universidad católica de Chile, 1987.",6,Sin donante,131,Santiago (Cl),131,Santiago (Cl),22,Chile,22,Chile,344,Convento santa Clara ,9,Mariología,60,Advocaciones,110,Merced,771,Patrocinio mercedes,,,,,Nuestra señora de la Merced,1800-1830,,,,2,Devoción,2,Gesto-objeto (DI),56,Escapulario,1,Simple,134,Brazos extendidos: desecadenar asunto por antítesis,4,Oro: pedir misericordia,255,No,1,De pie,3,Cuerpo entero,5,Ninguna,1,Rostro 3/4,X mercedes protectora. Sigue el formato y todas son iguales. Casi todas sin niño y sin palabras guardan la misma estructura y los encomendados casi siempre estan de rodillas. Ojo a la figura del cautivo liberado. Gestos siempre brazps extendidos con diferentes possturas de manos.
22,108,Ecce Homo,,,,,53, Anónimo,1,Sin definir,16,Óleo sobre tela,71,"Luis Mebold K. S.D.B. Catálogo de pintura colonial en Chile. Obras en monasterios de religiosas de Antigua fundación. Santiago: ediciones Universidad católica de Chile, 1987.",6,Sin donante,131,Santiago (Cl),131,Santiago (Cl),22,Chile,22,Chile,344,Convento santa Clara ,4,Cristológico,53,Ciclo Pasión,185,Pasión,297,Ecce homo,804,Ecce homo de medio cuerpo,,,Señor de la caña,1700-1799,"Composición vertical, imagen en blanco y negro. Jesús aparece desde la cintura para arriba, de pie, ocupando toda la pintura. Tiene desnudo el pecho, una tela cubre sus genitales y una capa su espalda, una soga amarrada al cuello desciende hasta amarrar l",,,2,Devoción,2,Gesto-objeto (DI),28,Caña,1,Simple,201,Manos atadas: sacrificio,255,No,255,No,1,De pie,4,Cuerpo Medio,5,Ninguna,3,Frente,
23,434,Virgen de la Piedad,,,,,53, Anónimo,8,Celeste / terrestre,16,Óleo sobre tela,71,"Luis Mebold K. S.D.B. Catálogo de pintura colonial en Chile. Obras en monasterios de religiosas de Antigua fundación. Santiago: ediciones Universidad católica de Chile, 1987.",6,Sin donante,131,Santiago (Cl),131,Santiago (Cl),22,Chile,22,Chile,345,Convento de Agustinas ,9,Mariología,60,Advocaciones,122,Piedad,,,,,,,Virgen de la Piedad,1600-1699,,,,2,Devoción,2,Gesto-objeto (DI),141,Tela / Sudario,1,Simple,29,"Extender brazo al auxilio: piedad, dar alivio",10,"Brazo abatidos: desesperación, sin valor",255,No,3,Sentado,3,Cuerpo entero,5,Ninguna,3,Frente,
24,286,"Teresa, santa",173,"Teresa, Transverberación de Santa ",,,53, Anónimo,8,Celeste / terrestre,16,Óleo sobre tela,71,"Luis Mebold K. S.D.B. Catálogo de pintura colonial en Chile. Obras en monasterios de religiosas de Antigua fundación. Santiago: ediciones Universidad católica de Chile, 1987.",6,Sin donante,131,Santiago (Cl),131,Santiago (Cl),22,Chile,22,Chile,345,Convento de Agustinas ,6,Santos,59,Santas,667,Santas Fundadoras de órdenes,668,Teresa,672,Transverberación,,,Transverberacion de santa Teresa de Jesús,1600-1699,,,"""Regul Eremit""",8,Visión,2,Gesto-objeto (DI),119,Pluma escritura,2,Complejo,255,No,36,Palma arriba extendida: no posee nada,135,Brazos muy abiertos: Inmensidad,10,Ambiguo o no notorio,3,Cuerpo entero,6,Inscripción,1,Rostro 3/4,"x Transverberacion de santa teresa tiene diversos tiós de gestos es un buene ejemplo para mirar los diversos formas de tener los brazos extendidos . Aquí os generzlicé casi todos en C46 pero hay muchas variantes. Hay tres modelos visuales: con sagrada familia, con angeles, y desde escritura- Los gestos aqui son importantes, en relacion a la postura del cuerpo hay pcocos objetos y escritura. esos brazos abiertos y la caida del cuerpo es como la relación con el extasis, vison en extasis. interesantes los significados desde la caida y la relación con la mistica. Ojo revisar cada uno de estos gestos manuale"
25,136,Cristo Crucificado,,,,,999,Diego de la Puente,19,Sin definir - claroscuro,16,Óleo sobre tela,71,"Luis Mebold K. S.D.B. Catálogo de pintura colonial en Chile. Obras en monasterios de religiosas de Antigua fundación. Santiago: ediciones Universidad católica de Chile, 1987.",6,Sin donante,131,Santiago (Cl),131,Santiago (Cl),22,Chile,22,Chile,345,Convento de Agustinas ,4,Cristológico,53,Ciclo Pasión,188,Viacrucis,327,Crucifixión,344,Crucificado,,,Crucifixión,1650,,,INRI,2,Devoción,3,Gesto,1,No,1,Simple,208,Mano derecha tres dedos: bendición o pedir silencio,255,No,255,No,1,De pie,3,Cuerpo entero,6,Inscripción,1,Rostro 3/4,"x Crucifixion interesante porque aunque pertenecen todas aun mismo modelo: claro oscuro, crucigficado, por lo general moribundo, aun así sus manos en algunos hay gestos de divers naturaleza, algunas tienen filacteria o se complementa el discurso con la direccionaliodad de la cabeza. Puño cerrado, amano abierta, alzadas, por bendecir, muchas no clasificadas. He escogido 6 gestos que se ajustan mas a la posicion de la mano. Herbatur como rogando arriba; cerrada como puño; bendicion 3 evidente, estirada como para discurso, abatidas o caidas y con indice arriba, puede haber mas."
26,135,José y el Niño,971,"José, san",,,53, Anónimo,20,Terrestre / paisaje,16,Óleo sobre tela,71,"Luis Mebold K. S.D.B. Catálogo de pintura colonial en Chile. Obras en monasterios de religiosas de Antigua fundación. Santiago: ediciones Universidad católica de Chile, 1987.",6,Sin donante,131,Santiago (Cl),131,Santiago (Cl),22,Chile,22,Chile,345,Convento de Agustinas ,9,Mariología,61,Vida de la Virgen,227,Sagrada Familia,310,San José,368,San José y el niño,984,San José: Corona de flores y/o E.S,San José con el niño,1700-1799,"Formato vertical. Color. José esta de pie en el centro de la composición. Con su brazo izquierdo sostiene a Jesús niño y en su mano derecha lleva su vara florida. Sobre su cabeza, a su lado derecho, un ángel llvea una corona de rosas. En un segundo plano ",,,2,Devoción,2,Gesto-objeto (DI),67,Flores,2,Complejo,255,No,174,Compuesto: dos abiertas al frente,255,No,12,De pie Alzando,3,Cuerpo entero,5,Ninguna,1,Rostro 3/4,"X san Jose con niño. Vara florida se entiende como flores. El niño muchas veces está dormido y sus gestos cambian constantemente. Algunos san jose esta con el niño de 5 años mas o menso, caminan, raro.  Los simbolos y los gestos casi simepre los hace el niño. no hay casi patrones, muchas veces se puede ver como abrazo el rodear a jesus niño con los brazos, aunque no es tan claro que se a abrazo. hay otro tipo de imagenes. el niño a veces sostiene las flores. en muchas imagenes media la relacion la entrega o la presencia de la cruz al niño. Muchos niños tienen una manzana en la mano. Los neogranadinos a veces parecen tener la mano en garra, no se significado aun. Niños con mundo, monton de gestos distntos en una misma imagen. San josé a veces coronado, ver si vambia gestos. El segundo lugar va para el niño, y el tercero a dios o donantes. algunos san jose sin nilñp"
27,578,Virgen Nuestra Señora de la Obediencia,,,,,53, Anónimo,8,Celeste / terrestre,16,Óleo sobre tela,71,"Luis Mebold K. S.D.B. Catálogo de pintura colonial en Chile. Obras en monasterios de religiosas de Antigua fundación. Santiago: ediciones Universidad católica de Chile, 1987.",6,Sin donante,131,Santiago (Cl),131,Santiago (Cl),22,Chile,22,Chile,345,Convento de Agustinas ,9,Mariología,60,Advocaciones,114,Obediencia,,,,,,,La virtud de la obediencia,1700-1799,,,,2,Devoción,3,Gesto,1,No,1,Simple,214,Palma abierta abajo:,34,Entregar algo,255,No,13,Sentado alzando,3,Cuerpo entero,5,Ninguna,1,Rostro 3/4,"X obediencia alguien le obedece a la virgen sentada y alguien hincado, ojo al gesto de estar hechado, esto lo comprueba. Esta rodeada de gente niño alzado"
28,578,Virgen Nuestra Señora de la Obediencia,,,,,53, Anónimo,8,Celeste / terrestre,16,Óleo sobre tela,71,"Luis Mebold K. S.D.B. Catálogo de pintura colonial en Chile. Obras en monasterios de religiosas de Antigua fundación. Santiago: ediciones Universidad católica de Chile, 1987.",6,Sin donante,153,Sucre,153,Sucre,1,Bolivia,1,Bolivia,346,Museo colonial Charcas ,9,Mariología,60,Advocaciones,114,Obediencia,,,,,,,La Virtud de la obediencia,1700-1799,,,,2,Devoción,3,Gesto,1,No,1,Simple,214,Palma abierta abajo:,34,Entregar algo,99,"Mano abierta, girada: proferir razones",13,Sentado alzando,3,Cuerpo entero,5,Ninguna,1,Rostro 3/4,C08 co0mo presentar
29,13,"Agustín, san",410,Padres de la Iglesia,,,53, Anónimo,19,Sin definir - claroscuro,16,Óleo sobre tela,71,"Luis Mebold K. S.D.B. Catálogo de pintura colonial en Chile. Obras en monasterios de religiosas de Antigua fundación. Santiago: ediciones Universidad católica de Chile, 1987.",6,Sin donante,131,Santiago (Cl),131,Santiago (Cl),22,Chile,22,Chile,345,Convento de Agustinas ,6,Santos,381,Santos Masculinos,383,Santos de Iglesia Primitiva,685,Padres de la Iglesia,689,Agustín,698,Atributos Agustinos,San Agustín,1700-1799,,,,2,Devoción,4,Objeto,119,Pluma escritura,4,Sin relato gesto,255,No,255,No,255,No,3,Sentado,3,Cuerpo entero,5,Ninguna,1,Rostro 3/4,"X Agustin atributos se le pinta con los mismos objetos. Por lo general corazón, libro, pluma y baculo. Los modelos son casi los mismos, parece que hay espampas similares pues la propuesta estructural es la misma. Las escenas son ambiguas pues hay de devoción, pero muchas son visiones y milagros, perdiendose la frontera entre ellas muchas veces combina dos o tres.  que parecen narraciones de milagros y visiones, aunque muchas veces se pierde la frontera entre una y otra. Los ecuatorianos pintan con detalle, especialmente  estudios con relojes y demás. Mucha filacteria y cartela, como si estuvieran dirigidas a un público conventual. Muchas formas de representar su muerte y su vida. hay que aprender más de sus diferentes momentos. Aqui aparecen algunas de visione que introducen dentro de lo que sería éxtasis y el comportamiento del cuerpo en extasis. Este santo se representa por lo general sentado, lo que parece indicar uns postura intelectual. Gestos corporales se respaldan en los gestos de la cara. Mucha alusión a sus condiciones de visiones y milagros. , Igual hay muchos gestos de miradas arriba, etc. A veces se le representa con otros doctores, generalmente solo. Gestos manuales como la mitad, la otra no prque siempre tiene algo en la mano. Aunque no miré con detalle muckhas veces hay gesto cuando sostiene objetos. Interesante los gestos de la paraición, casi siempre los mismos."
30,13,"Agustín, san",410,Padres de la Iglesia,,,53, Anónimo,1,Sin definir,16,Óleo sobre tela,71,"Luis Mebold K. S.D.B. Catálogo de pintura colonial en Chile. Obras en monasterios de religiosas de Antigua fundación. Santiago: ediciones Universidad católica de Chile, 1987.",6,Sin donante,131,Santiago (Cl),131,Santiago (Cl),22,Chile,22,Chile,345,Convento de Agustinas ,6,Santos,381,Santos Masculinos,383,Santos de Iglesia Primitiva,685,Padres de la Iglesia,689,Agustín,698,Atributos Agustinos,San Agustín filósofo,1700-1799,,,,2,Devoción,3,Gesto,1,No,1,Simple,108,Mano extendida pecho: aseverar,255,No,255,No,1,De pie,4,Cuerpo Medio,2,Cartela,1,Rostro 3/4,
31,25,"Retrato eclesiástico académicos, bachilleres, rectores",,,,,556,José Morales,17,Terrestre / cortinaje,16,Óleo sobre tela,71,"Luis Mebold K. S.D.B. Catálogo de pintura colonial en Chile. Obras en monasterios de religiosas de Antigua fundación. Santiago: ediciones Universidad católica de Chile, 1987.",6,Sin donante,131,Santiago (Cl),131,Santiago (Cl),22,Chile,22,Chile,345,Convento de Agustinas ,8,Retrato,69,Retrato masculino,176,Europeos y criollos,635,Clerigos,640,Sacerdotes y clérigos,645,"Académicos, bachilleres y rectores",José Hurtado de Mendoza,1827,,,,6,Retrato,4,Objeto,134,Sombrero / indumentaria,4,Sin relato gesto,255,No,255,No,255,No,1,De pie,4,Cuerpo Medio,4,Escritura en Libro,1,Rostro 3/4,"X Retrato criollo sacerdotes intelectuales, mita de medio cuerpo y la otyta completa. Sostienen por lo general libro, si mayores varianetes, pocos tienen gestos, la mayoria posan retrato convencional.. La mayor parte de ellos tienen libros. Casi el unico que no tiene cartela es Celestimo Mutis. No hay casi gestos porque las manos estan ocupoadas con objetos o sobre la mesa"
32,108,Ecce Homo,,,,,53, Anónimo,15,Terrestre / interior casa-habitación,16,Óleo sobre tela,71,"Luis Mebold K. S.D.B. Catálogo de pintura colonial en Chile. Obras en monasterios de religiosas de Antigua fundación. Santiago: ediciones Universidad católica de Chile, 1987.",6,Sin donante,131,Santiago (Cl),131,Santiago (Cl),22,Chile,22,Chile,345,Convento de Agustinas ,4,Cristológico,53,Ciclo Pasión,185,Pasión,297,Ecce homo,350,Ecce homo de pie,,,Cristo escarnecido,1800-1830,"Composición vertical, imagen en blanco y negro. Jesús está de pie, viste una túnica blanca, tiene una soga alrededor del cuello que desciende hasta amarrar sus manos. Detrás de él hay un hombre que lo sostiene por los hombros, tiene ladeada la cabeza haci",,,7,Vida,3,Gesto,1,No,1,Simple,201,Manos atadas: sacrificio,40,Agarra: acción de autoridad,73,"Señalar con dedo: mando, orden, traicionar",1,De pie,3,Cuerpo entero,5,Ninguna,1,Rostro 3/4,"X Ecce homo de pie  casi todas iguales de frente algunas con caña, sienmpre amarrado, excepcionalmente mstrando las manos pero es mas una devocion. Pocos acompañantes. Los querubines son testigos sin gestos. Desnudez, obras sencillas sin intervención gestual compleja"
33,679,Nicolas de Tolentino,491,Santos agustinos,,,53, Anónimo,15,Terrestre / interior casa-habitación,16,Óleo sobre tela,71,"Luis Mebold K. S.D.B. Catálogo de pintura colonial en Chile. Obras en monasterios de religiosas de Antigua fundación. Santiago: ediciones Universidad católica de Chile, 1987.",6,Sin donante,131,Santiago (Cl),131,Santiago (Cl),22,Chile,22,Chile,345,Convento de Agustinas ,6,Santos,381,Santos Masculinos,735,Santos de órdenes y tradiciones,779,Santos Agustínos,817,Nicolás Tolentino,,,San Nicolás de Tolentino,1800-1830,,,,7,Vida,4,Objeto,4,Alimento,4,Sin relato gesto,255,No,255,No,255,No,1,De pie,3,Cuerpo entero,5,Ninguna,1,Rostro 3/4,"X nicolas tolentino. Muchas escenas de su vuida, algunas devocionales. Con gran riquez discursiva gestual. Interesante para tener en cuenta el asunto de los milagros: en ete aparece el plato o bandeja con el pajaro su atributo, pero es frecuente que aparezaca el relato visual de su mialagro, entonces son dos cosas: atributo y relato. tiene diversas formas de simbolos. muy asociado a purgatorio, aparece mucho en mortificacion, tiene a veces hasta tres simbolos en la mano. casi no hay imagenes de generosidad"
34,158,Adoración de los Reyes,,,,,53, Anónimo,3,Terrestre otro,16,Óleo sobre tela,71,"Luis Mebold K. S.D.B. Catálogo de pintura colonial en Chile. Obras en monasterios de religiosas de Antigua fundación. Santiago: ediciones Universidad católica de Chile, 1987.",6,Sin donante,131,Santiago (Cl),131,Santiago (Cl),22,Chile,22,Chile,347,Convento Nuestra señora de la Victoria ,9,Mariología,61,Vida de la Virgen,220,Adoración de los Reyes,,,,,,,Adoración de los reyes,1600-1699,,,,7,Vida,3,Gesto,1,No,1,Simple,255,No,208,Mano derecha tres dedos: bendición o pedir silencio,68,"Dedo en boca: meditación, arrepentido, envidia",13,Sentado alzando,3,Cuerpo entero,5,Ninguna,1,Rostro 3/4,"X adoracion de los reyes magos. Larga serie copn un conjunto de imágenes que tienen más o menos la misma definioción practicamente sin cambios. La virgen, raras excepciones que es el centro del relato, está sentada alzando niño, se arrodillasn los reyes magos. es practicamente invariable salvo complejidades delrelatao, generalmenteque hay mucha mas gente y que el escenario está más recargado. . El niño siempre hace los mismos gestos toca la cabeza del mago, y gesticula con la mano un pequeño catalogo de gestos. el rey toca el pie o besa. san jose es indiferente al gesto. aqui va 1 virgen, 2 jesus, 3 rey. a veces hay indios y esclavos negros acompañando a los reyes. la voirgen casi sin gestos lo que hace es alzar. hay montones de gestos más alredderdor. a veces se mezclan gestos entregar algo con besar en el caso del rey. ojompara revisar este los gestos en el conjunto como acciónm y respuesta es más o menos lo mismo. Interesanteb la hipótesis que no hay cartela ni inscripción porque son escenas conocidas. por lo general hay un sujeto que me mira. Momwentos diferentes de la narracion meter la mano en la caja presentarselo adorarlo, es como una pelicula con gestos disntintos. hay una gringa centrada en los reyes su llegada a caballo..."
35,509,Tránsito de la Virgen y Dormición,,,,,53, Anónimo,15,Terrestre / interior casa-habitación,16,Óleo sobre tela,71,"Luis Mebold K. S.D.B. Catálogo de pintura colonial en Chile. Obras en monasterios de religiosas de Antigua fundación. Santiago: ediciones Universidad católica de Chile, 1987.",6,Sin donante,131,Santiago (Cl),131,Santiago (Cl),22,Chile,22,Chile,347,Convento Nuestra señora de la Victoria ,9,Mariología,61,Vida de la Virgen,230,Tránsito de la Virgen y Dormición,,,,,,,Dormición de la Virgen,1600-1699,,,,2,Devoción,3,Gesto,1,No,1,Simple,10,"Brazo abatidos: desesperación, sin valor",255,No,255,No,5,Tendido,3,Cuerpo entero,5,Ninguna,2,Perfil,"X tránsito de la virgen. Diversos momentos, del transito generalmente acostada rodeada, pocas veces con una sola persona. Un segundo grupo es del entierro de la virgen. Siempre procesion o rodeada de dolientes. Aquí también estan los gestos del dolor que pueden identificarse. ver aqui los gestos del dolor"
36,39,Asunción de la Virgen,,,,,53, Anónimo,8,Celeste / terrestre,16,Óleo sobre tela,71,"Luis Mebold K. S.D.B. Catálogo de pintura colonial en Chile. Obras en monasterios de religiosas de Antigua fundación. Santiago: ediciones Universidad católica de Chile, 1987.",6,Sin donante,131,Santiago (Cl),131,Santiago (Cl),22,Chile,22,Chile,347,Convento Nuestra señora de la Victoria ,9,Mariología,61,Vida de la Virgen,231,Asunción,991,Asunción desde tumba,,,,,Asunción de la Virgen,1600-1699,,,,2,Devoción,3,Gesto,1,No,1,Simple,195,Compuesto: brazo estirado frente - brazo abajo,21,"Dos brazos arriba: asevera, doble juramento",255,No,9,Elevación,3,Cuerpo entero,5,Ninguna,1,Rostro 3/4,"X asuncion de la virgen, por supuesto elevada. En muchas pinturas que hay apariciones las he tomado como si estuvieran de pie y casi nunca anoto elevación, pero en este caso es distinto por razones obvias del tema. Muchas pinturas tienden a ser complejas y de iconografía múltiple. Las he visto globalmente sin mucho detenimiento. en algunas elevaciones esta sentada o medio arrodillada, pero loo dejo asi elevada. a veces coronada, siempre acompañada de ángeles que la suben. a veces con santos, otras no. merece reclasificar por intencion. Hay de bulto y saliendo de la tumba clara alusion a la resurrecion problemática. hay otras que nos la suben con angeles, sino que esta solita. a veces esta consantos, otras ola con la trinidad. pero los gestos por lo general son los mismos. a pesar de la gran cantidad de imagenes no hay objetos y los gestos son casi los mismos, tomo apertura de manos ampliamente. si se escribe sobre el caso revisar los gestos de apertura de mano de manera mas clara, aqui va global. hay muchas posiciones pero siempre son las mismas. OJOTE"
37,155,Huida a Egipto,,,,,53, Anónimo,20,Terrestre / paisaje,16,Óleo sobre tela,71,"Luis Mebold K. S.D.B. Catálogo de pintura colonial en Chile. Obras en monasterios de religiosas de Antigua fundación. Santiago: ediciones Universidad católica de Chile, 1987.",6,Sin donante,131,Santiago (Cl),131,Santiago (Cl),22,Chile,22,Chile,347,Convento Nuestra señora de la Victoria ,9,Mariología,61,Vida de la Virgen,226,Egipto,238,Huida a Egipto,,,,,Huida a Egipto,1600-1699,"Formato horizontal. Color. María con Jesús en sus brazos monta el burro/asno en el centro del cuadro. A su lado derecho San José camina con su bastón. A su lado izquierdo, un ángel acompaña la caravana. Paisaje de fondo con cascada, árboles y palmeras.",,,7,Vida,1,No aplica,1,No,4,Sin relato gesto,255,No,255,No,255,No,8,Ecuestre,3,Cuerpo entero,5,Ninguna,1,Rostro 3/4,"X huida a egiptovida de la virgem esquema siempre igual con sus vaciacio0nes de escenario. Ella elñ eje del relato con el niño cargada y sobre un burro, josé guia. Junto a angeles.  En este tema hay muchas historiadas, pues estan los perseguidores detrás, pero también hay campesinos en algunos pinturas, pareceira un culto o un sentido oculto. averiguar. hay unas pocas a pie. Si5rve para ver las formas coloniales de viajar. ademas es importanten notar  que muchas veces lacta al niño mientras viajan. iconografias múltiples. pocos gestos, a veces de angeles, a veces de Joseé que inica o anima el camni. quiza expresa temor y confianza en dios, asunto el camnino. para rematar,"
38,152,Anunciación,,,,,53, Anónimo,4,Celeste,16,Óleo sobre tela,71,"Luis Mebold K. S.D.B. Catálogo de pintura colonial en Chile. Obras en monasterios de religiosas de Antigua fundación. Santiago: ediciones Universidad católica de Chile, 1987.",6,Sin donante,131,Santiago (Cl),131,Santiago (Cl),22,Chile,22,Chile,347,Convento Nuestra señora de la Victoria ,9,Mariología,61,Vida de la Virgen,216,Anunciación,976,Anunciación dios presente,,,,,Anunciación,1700-1799,,,,2,Devoción,3,Gesto,1,No,1,Simple,185,Compuesto: brazos semiabiertos hombros,108,Mano extendida pecho: aseverar,135,Brazos muy abiertos: Inmensidad,4,Arrodillado,3,Cuerpo entero,5,Ninguna,1,Rostro 3/4,"x Anunciacion. Interesante como estaba previsto, pues tiene monton de alternativas de pregunta y respuesta. Se hace muy ambiguo el sentido de los gestos. Es donde mas se duda, porque puede tener sentidio un gesto como rechazo o aceptación. Siempre el mismo ambiente. habitacion  angel-virgen a veces con dios otras con angel. A veces toca libro. En estas imagenes es simple cuando la habitación solo tiene personajes centrales, se vuelve compleja cuando se incorpora parafernalia de sujetos y angeles gestualizando. Rarisisma vez angel no gesto. G 01 tiene muchas variaciones y también hay muchos gatos"
39,103,Calvario,,,,,53, Anónimo,20,Terrestre / paisaje,16,Óleo sobre tela,71,"Luis Mebold K. S.D.B. Catálogo de pintura colonial en Chile. Obras en monasterios de religiosas de Antigua fundación. Santiago: ediciones Universidad católica de Chile, 1987.",6,Sin donante,131,Santiago (Cl),131,Santiago (Cl),22,Chile,22,Chile,347,Convento Nuestra señora de la Victoria ,4,Cristológico,53,Ciclo Pasión,188,Viacrucis,327,Crucifixión,343,Calvario acompañado,,,María Magdalena a los pies de Jesús crucificado,1700-1799,,,INRI,7,Vida,1,No aplica,1,No,4,Sin relato gesto,255,No,222,"Tocar pie: humildad, sometimiento",255,No,1,De pie,3,Cuerpo entero,6,Inscripción,1,Rostro 3/4,"x Crucificado con gente. Usualmente es el calvario aunque tiene varias imágenes distintas. Por lo general está cristo y sus manos cricificadas bendice, se podria interpretar otros símbolos como maneras de gesticular a pesar de estar atravezados por puntillas, característica de lo gestual es hacer un gesto aunque las manos estén ocupoadas. en este caso se tiene en cuenta a maria magdalena y juan en gesto 2 y 3. evetualmente la virgen reemplaza. Pero por lo general se trata de imagenes con gestos de dolor, y la virgen opor lo general es un dolorosa con sus gestos habituales. Pintura compleja con muchois significados. Muchas no son calvarios, sino que tienen donantes, escenas con santos etc, todos tienen gestos cambiantes. en general. son gestos de sorpresa, dolor. Habria que revisar clasificación hay muchas lanzadas, y temas distintos dentro de este general con gente. Igual hay muchas variaciones. Que la mayoria tenga cartela es porque dice inri. sin embargo hay mucha escritura."
40,163,Flagelación,452,Cristo caído,,,53, Anónimo,8,Celeste / terrestre,16,Óleo sobre tela,71,"Luis Mebold K. S.D.B. Catálogo de pintura colonial en Chile. Obras en monasterios de religiosas de Antigua fundación. Santiago: ediciones Universidad católica de Chile, 1987.",6,Sin donante,131,Santiago (Cl),131,Santiago (Cl),22,Chile,22,Chile,347,Convento Nuestra señora de la Victoria ,4,Cristológico,53,Ciclo Pasión,185,Pasión,299,Flagelación,359,Cristo caído,,,Cristo de la columna,1700-1799,"Composición vertical, imagen en blanco y negro. El cuadro puede dividirse en dos planos, en inferior y el superior. Inferior: En el centro de la representación se encuentra la columna, de cuyo extremo superior sale una cuerda que ata las manos de Cristo a",,,1,Alegoria/moral,3,Gesto,1,No,2,Complejo,201,Manos atadas: sacrificio,69,"Llorar: tristeza, sentimiento",255,No,5,Tendido,3,Cuerpo entero,5,Ninguna,2,Perfil,"x Cristo consolado muy parecidos hay como dos modelos el caido deztrozado y el aposntillo, además de otros sueltos. Interesante el gesto del padre que lo señala con el cetro, aquí no aparece registrado ese gesto pero se debe tener en cuenta. Se tomó como escenas complejhas aquellas que hay muchos elementos que manifiestasn dolor, por eso alegorias se clasificaron.  se debe tener en cuenta la multitud de gestos empleados, todos en funcuión de significar el dolor la pena, etc."
41,686,Clara de Asís,,,,,53, Anónimo,19,Sin definir - claroscuro,16,Óleo sobre tela,71,"Luis Mebold K. S.D.B. Catálogo de pintura colonial en Chile. Obras en monasterios de religiosas de Antigua fundación. Santiago: ediciones Universidad católica de Chile, 1987.",6,Sin donante,131,Santiago (Cl),131,Santiago (Cl),22,Chile,22,Chile,347,Convento Nuestra señora de la Victoria ,6,Santos,59,Santas,667,Santas Fundadoras de órdenes,674,Clara de Asís,678,Clara atributos,,,Santa Clara de Asís con sor Juana de la Cruz y Luisa Carriona,1600-1699,,,"""S. Juana dela +""
""S. Clara""
""Madre Luisa Carriona""",2,Devoción,2,Gesto-objeto (DI),51,Custodia,4,Sin relato gesto,255,No,4,Oro: pedir misericordia,255,No,1,De pie,3,Cuerpo entero,6,Inscripción,1,Rostro 3/4,
42,94,"Miguel Arcángel, san",1004,Demonio - Diablo - Satanás,,,53, Anónimo,8,Celeste / terrestre,16,Óleo sobre tela,71,"Luis Mebold K. S.D.B. Catálogo de pintura colonial en Chile. Obras en monasterios de religiosas de Antigua fundación. Santiago: ediciones Universidad católica de Chile, 1987.",6,Sin donante,131,Santiago (Cl),131,Santiago (Cl),22,Chile,22,Chile,347,Convento Nuestra señora de la Victoria ,2,Ángeles,35,Tercer coro angélico,393,Jerarquía arcángeles,146,Miguel,280,Miguel con escudo,,,Arcángel san Miguel,1600-1699,,,S. Miguel,2,Devoción,4,Objeto,61,Espada / arma,4,Sin relato gesto,255,No,255,No,255,No,1,De pie,3,Cuerpo entero,6,Inscripción,1,Rostro 3/4,"x San miguel con escudo. Todos son sencillos, no hay gestos evidentes, la gestualidad se reduce a la posicion del escudo y la lanza o espada, a veces tiene rollo o baston. La gestualidad es actitud, ni siqyuiera el demonio tiene perspectivas gestuales, a veces aagarra la pata de Miguel. Ver las armas, puede ser interesante para datar. Todo es muy uniforme solo habría me ver cómo danza el cuerpo con lña espada cuando mata a Demonio. Gestualidad mas centrada en el cuerpo. No hay gestos evidentes en la forma de tomar baston o espada como en totros casos. inscripcion en el escudo"
43,108,Ecce Homo,,,,,53, Anónimo,1,Sin definir,16,Óleo sobre tela,71,"Luis Mebold K. S.D.B. Catálogo de pintura colonial en Chile. Obras en monasterios de religiosas de Antigua fundación. Santiago: ediciones Universidad católica de Chile, 1987.",6,Sin donante,131,Santiago (Cl),131,Santiago (Cl),22,Chile,22,Chile,347,Convento Nuestra señora de la Victoria ,4,Cristológico,53,Ciclo Pasión,185,Pasión,297,Ecce homo,804,Ecce homo de medio cuerpo,,,Cristo de la Caña,1700-1799,"Composición vertical, imagen en blanco y negro. Jesús aparece de medio cuerpo, la cabeza ligeramente inclinada a la izquierda, tiene una corona de espinas encima de ésta. Tiene una soga al cuello ligeramente tapada por una capa anudada en el pecho que le ",,,2,Devoción,2,Gesto-objeto (DI),28,Caña,1,Simple,201,Manos atadas: sacrificio,255,No,255,No,1,De pie,4,Cuerpo Medio,5,Ninguna,3,Frente,
44,150,Sagrada familia,,,,,53, Anónimo,1,Sin definir,16,Óleo sobre tela,71,"Luis Mebold K. S.D.B. Catálogo de pintura colonial en Chile. Obras en monasterios de religiosas de Antigua fundación. Santiago: ediciones Universidad católica de Chile, 1987.",6,Sin donante,131,Santiago (Cl),131,Santiago (Cl),22,Chile,22,Chile,347,Convento Nuestra señora de la Victoria ,9,Mariología,61,Vida de la Virgen,227,Sagrada Familia,311,Escenas Sagrada Familia,352,Familia,988,"José, Maria y Jesús",Sagrada Familia,1800-1830,Formato vertical. Blanco y negro. La Virgen María sostiene a Jesús en sus brazos y a su izquierda esta San José que contempla el abrazo. Madre e hijo miran al espectador.,,,2,Devoción,3,Gesto,1,No,1,Simple,63,Abrazar: tenerlo en corazón,200,Manos/brazos cruzadas pecho,255,No,13,Sentado alzando,4,Cuerpo Medio,5,Ninguna,1,Rostro 3/4,"X familia, se trata de escenas devocionales, donde se encuentra el conjunto de la sagrada familia en diversas posiciones. Eje la virgen. Hay de todo en muchas posiciones pero por lo general la virgen sentada con el niño. Este cambia de edades, a veces amamanyta, josé agregado, casi siempre atrás. vease y analizase."